time,latitude,longitude,depth,mag,id,place,type,status,locationSource
2020-01-02T22:48:34.721Z,61.4943,-141.0072,3.3,2.7,ak0203oglbw,"178km NNE of Cape Yakataga, Alaska",earthquake,automatic,ak
2020-01-02T22:31:27.400Z,17.9186,-66.8575,7,3.15,pr2020002042,"10km SE of Guanica, Puerto Rico",earthquake,reviewed,pr
2020-01-02T22:27:55.945Z,56.334,-152.3485,10,2.6,ak0203oc8z5,"150km S of Kodiak Station, Alaska",earthquake,reviewed,ak
2020-01-02T22:25:41.110Z,17.9135,-66.8188,7,3,pr2020002041,"8km SSE of Indios, Puerto Rico",earthquake,reviewed,pr
2020-01-02T21:42:59.750Z,17.9106,-66.8193,8,2.84,pr2020002040,"9km S of Indios, Puerto Rico",earthquake,reviewed,pr
2020-01-02T21:37:01.160Z,17.8938,-66.8933,6,2.63,pr2020002039,"14km SSE of Guanica, Puerto Rico",earthquake,reviewed,pr
2020-01-02T21:23:24.110Z,17.9261,-66.833,9,2.7,pr2020002038,"11km S of Indios, Puerto Rico",earthquake,reviewed,pr
2020-01-02T21:00:45.840Z,17.9066,-66.828,6,2.55,pr2020002035,"9km S of Indios, Puerto Rico",earthquake,reviewed,pr
2020-01-02T20:54:12.470Z,17.9326,-66.8351,7,2.6,pr2020002034,"7km SSW of Indios, Puerto Rico",earthquake,reviewed,pr
2020-01-02T20:42:02.330Z,17.9148,-66.8333,7,4.5,pr2020002036,"9km S of Indios, Puerto Rico",earthquake,reviewed,pr
2020-01-02T19:49:05.024Z,-30.3187,-72.1431,10,4.1,us70006tv1,"87km WSW of Coquimbo, Chile",earthquake,reviewed,us
2020-01-02T19:08:36.852Z,58.5212,-156.4959,189.4,3.1,ak0203mfq41,"20km SSE of King Salmon, Alaska",earthquake,automatic,ak
2020-01-02T18:23:51.970Z,35.8319,141.2779,32.2,5.6,us70006ttf,"41km ENE of Hasaki, Japan",earthquake,reviewed,us
2020-01-02T16:49:40.412Z,17.8466,-66.8151,10,3.9,us70006tpc,"16km SE of Guanica, Puerto Rico",earthquake,reviewed,us
2020-01-02T16:34:00.330Z,36.5211678,-121.1026688,5.82,2.68,nc73322801,"4km ESE of Pinnacles, CA",earthquake,automatic,nc
2020-01-02T16:03:51.405Z,31.7424,-104.1692,5,2.6,us70006tll,"54km W of Mentone, Texas",earthquake,reviewed,us
2020-01-02T16:00:31.920Z,-12.7676,45.5385,10,5.1,us70006tlq,"27km E of Pamandzi, Mayotte",earthquake,reviewed,us
2020-01-02T15:41:12.114Z,-1.0686,147.1579,10,4.5,us70006tl7,"106km N of Lorengau, Papua New Guinea",earthquake,reviewed,us
2020-01-02T15:33:40.890Z,17.8941,-66.8221,6,2.77,pr2020002028,"8km S of Indios, Puerto Rico",earthquake,reviewed,pr
2020-01-02T14:37:59.610Z,19.0518,-67.8138,19,3.03,pr2020002027,"81km NE of Punta Cana, Dominican Republic",earthquake,reviewed,pr
2020-01-02T14:03:19.564Z,2.7332,128.6576,41.59,4.8,us70006tk2,"132km NNE of Tobelo, Indonesia",earthquake,reviewed,us
2020-01-02T13:41:31.348Z,-9.6555,159.919,31.5,5.5,us70006tjm,"24km S of Honiara, Solomon Islands",earthquake,reviewed,us
2020-01-02T13:19:31.630Z,18.31,-68.1976,159,3.69,pr2020002026,"36km ESE of Boca de Yuma, Dominican Republic",earthquake,reviewed,pr
2020-01-02T12:04:00.179Z,51.1613,-179.35,35,4.8,us70006ti8,"20km WSW of Amatignak Island, Alaska",earthquake,reviewed,us
2020-01-02T11:50:54.883Z,51.1421,-179.3156,35,4.3,us70006ti2,"19km SW of Amatignak Island, Alaska",earthquake,reviewed,us
2020-01-02T11:27:18.230Z,17.9083,-66.8763,8,2.52,pr2020002020,"7km SSE of Guanica, Puerto Rico",earthquake,reviewed,pr
2020-01-02T11:25:04.436Z,-5.7297,124.9909,10,5.5,us70006thw,"266km E of Baubau, Indonesia",earthquake,reviewed,us
2020-01-02T10:37:07.702Z,-7.7646,122.8585,268.71,4.6,us70006thf,"79km NNE of Palue, Indonesia",earthquake,reviewed,us
2020-01-02T10:25:02.250Z,18.9771,-67.8803,16,2.62,pr2020002018,"70km NE of Punta Cana, Dominican Republic",earthquake,reviewed,pr
2020-01-02T10:12:59.540Z,33.9205,-119.224,0.07,4.03,ci39020663,"25km S of Port Hueneme, CA",earthquake,reviewed,ci
2020-01-02T09:11:45.920Z,17.859,-66.8228,3,2.5,pr2020002014,"14km S of Indios, Puerto Rico",earthquake,reviewed,pr
2020-01-02T09:01:40.040Z,19.0228,-67.6395,11,3.16,pr2020002015,"75km NW of San Antonio, Puerto Rico",earthquake,reviewed,pr
2020-01-02T08:54:32.599Z,55.5519,-151.386,7.92,4.8,us70006tgh,"256km SSE of Kodiak, Alaska",earthquake,reviewed,us
2020-01-02T07:16:31.850Z,37.1791649,-121.5674973,5.93,3.86,nc73322626,"9km NE of Morgan Hill, CA",earthquake,reviewed,nc
2020-01-02T07:02:17.557Z,57.109,-135.7512,4,3,ak0203f96yh,"26km WNW of Sitka, Alaska",earthquake,reviewed,ak
2020-01-02T06:20:46.760Z,19.1278,-68.0368,13,3.17,pr2020002013,"79km NE of Punta Cana, Dominican Republic",earthquake,reviewed,pr
2020-01-02T06:12:12.100Z,19.2151,-67.9646,38,2.97,pr2020002011,"88km NE of Punta Cana, Dominican Republic",earthquake,reviewed,pr
2020-01-02T06:05:37.820Z,19.2125,-67.8875,12,3.65,pr2020002010,"83km NW of San Antonio, Puerto Rico",earthquake,reviewed,pr
2020-01-02T06:02:14.940Z,19.1901,-67.8753,11,2.89,pr2020002009,"78km NW of San Antonio, Puerto Rico",earthquake,reviewed,pr
2020-01-02T05:58:24.870Z,19.1531,-67.8325,35,3.2,pr2020002008,"86km NE of Punta Cana, Dominican Republic",earthquake,reviewed,pr
2020-01-02T05:37:35.319Z,-6.3719,130.1236,139.81,4.6,us70006tf3,"218km NW of Saumlaki, Indonesia",earthquake,reviewed,us
2020-01-02T05:29:00.802Z,9.4695,138.0916,52.92,5.1,us70006tf2,"6km SW of Yap, Micronesia",earthquake,reviewed,us
2020-01-02T04:29:06.645Z,34.1449,60.2871,10,5.2,us70006tev,"79km SW of Taybad, Iran",earthquake,reviewed,us
2020-01-02T03:35:22.971Z,12.5692,-88.1976,59.99,4.6,us70006tej,"71km SSW of Intipuca, El Salvador",earthquake,reviewed,us
2020-01-02T01:21:59.736Z,13.9966,-92.1521,35,4.4,us70006tdt,"42km SW of Champerico, Guatemala",earthquake,reviewed,us
2020-01-02T00:59:51.820Z,17.8893,-66.834,6,2.75,pr2020002003,"14km SE of Guanica, Puerto Rico",earthquake,reviewed,pr
2020-01-02T00:43:19.580Z,17.9235,-66.8373,5,2.81,pr2020002005,"8km SSW of Indios, Puerto Rico",earthquake,reviewed,pr
2020-01-02T00:32:53.905Z,-33.4373,-178.2268,10,4.5,us70006tdj,"231km SSE of L'Esperance Rock, New Zealand",earthquake,reviewed,us
2020-01-02T00:12:02.070Z,17.918,-66.8981,6,3.12,pr2020002001,"9km SSE of Guanica, Puerto Rico",earthquake,reviewed,pr
2020-01-02T00:03:45.670Z,17.9273,-66.8966,6,3,pr2020002000,"9km SSE of Guanica, Puerto Rico",earthquake,reviewed,pr
2020-01-01T23:44:01.220Z,17.9111,-66.8436,3,2.57,pr2020001020,"16km SSE of Guanica, Puerto Rico",earthquake,reviewed,pr
2020-01-01T23:12:53.590Z,-18.7816,-172.2119,10,5,us70006tcn,"187km E of Neiafu, Tonga",earthquake,reviewed,us
2020-01-01T22:25:37.950Z,19.163,-67.8605,10,3.24,pr2020001019,"82km NW of San Antonio, Puerto Rico",earthquake,reviewed,pr
2020-01-01T21:59:43.439Z,-22.942,-66.4714,257.68,4.2,us70006tb0,"83km WSW of Abra Pampa, Argentina",earthquake,reviewed,us
2020-01-01T21:32:49.675Z,-33.2409,-177.6512,10,4.6,us70006tb2,"232km SSE of L'Esperance Rock, New Zealand",earthquake,reviewed,us
2020-01-01T20:38:11.048Z,-33.3325,-176.7905,10,4.8,us70006taw,"289km SE of L'Esperance Rock, New Zealand",earthquake,reviewed,us
2020-01-01T20:32:14.411Z,-18.7177,-172.2079,10,4.9,us70006t9g,"187km E of Neiafu, Tonga",earthquake,reviewed,us
2020-01-01T20:01:26.568Z,-33.2189,-178.1333,10,4.9,us70006t8t,"210km SSE of L'Esperance Rock, New Zealand",earthquake,reviewed,us
2020-01-01T19:55:56.662Z,65.5217,-153.4313,21.7,2.6,ak0201z6htb,"74km WNW of Tanana, Alaska",earthquake,automatic,ak
2020-01-01T19:28:49.869Z,-33.1254,-177.9083,18.47,5.3,us70006t8d,"209km SSE of L'Esperance Rock, New Zealand",earthquake,reviewed,us
2020-01-01T18:47:22.052Z,44.0597,150.1472,32.66,4.6,us70006t83,"221km SE of Kuril'sk, Russia",earthquake,reviewed,us
2020-01-01T18:41:27.700Z,40.3691673,-125.0641632,-0.26,2.5,nc73322241,"66km W of Petrolia, CA",earthquake,automatic,nc
2020-01-01T18:10:14.277Z,53.269,170.378,24.41,5.1,us70006t7e,"194km WNW of Attu Station, Alaska",earthquake,reviewed,us
2020-01-01T18:08:04.299Z,42.1974,-98.7189,8.78,2.9,us70006t75,"29km SSW of O'Neill, Nebraska",earthquake,reviewed,us
2020-01-01T17:04:06.750Z,17.9301,-66.8693,5,2.68,pr2020001016,"5km SSE of Maria Antonia, Puerto Rico",earthquake,reviewed,pr
2020-01-01T16:51:32.230Z,-30.2741,-71.564,45.04,5,us70006t6h,"41km SSW of Coquimbo, Chile",earthquake,reviewed,us
2020-01-01T16:34:58.536Z,-53.0705,9.4576,10,5.1,us70006t6a,Southwest of Africa,earthquake,reviewed,us
2020-01-01T15:05:57.229Z,51.2034,-178.1293,38.96,5.2,us70006t5u,"68km E of Amatignak Island, Alaska",earthquake,reviewed,us
2020-01-01T14:58:03.140Z,19.0531,-67.845,11,3.31,pr2020001014,"77km NE of Punta Cana, Dominican Republic",earthquake,reviewed,pr
2020-01-01T14:36:23.695Z,2.138,126.8047,38.31,4.5,us70006t5p,"141km WNW of Tobelo, Indonesia",earthquake,reviewed,us
2020-01-01T13:57:05.800Z,35.9865,-117.3173333,2.74,2.71,ci39019863,"25km NNE of Trona, CA",earthquake,reviewed,ci
2020-01-01T13:56:03.330Z,17.9068,-66.8723,6,2.72,pr2020001013,"8km SSE of Guanica, Puerto Rico",earthquake,reviewed,pr
2020-01-01T13:18:48.237Z,-13.0508,45.5396,10,4.6,us70006t54,"39km SE of Pamandzi, Mayotte",earthquake,reviewed,us
2020-01-01T13:11:15.540Z,19.2493,-67.7675,38,3.23,pr2020001010,"99km NE of Punta Cana, Dominican Republic",earthquake,reviewed,pr
2020-01-01T12:48:27.930Z,18.9801,-67.8251,13,3.21,pr2020001011,"75km NE of Punta Cana, Dominican Republic",earthquake,reviewed,pr
2020-01-01T12:09:25.180Z,40.4008331,-125.1949997,0.04,2.91,nc73322156,"78km W of Petrolia, CA",earthquake,automatic,nc
2020-01-01T12:07:26.580Z,17.912,-66.8796,6,2.85,pr2020001009,"7km SSE of Guanica, Puerto Rico",earthquake,reviewed,pr
2020-01-01T10:59:48.750Z,17.939,-66.8426,7,3.64,pr2020001008,"13km S of Indios, Puerto Rico",earthquake,reviewed,pr
2020-01-01T10:46:15.590Z,17.9076,-66.8476,7,2.89,pr2020001007,"8km SSE of Maria Antonia, Puerto Rico",earthquake,reviewed,pr
2020-01-01T10:38:35.620Z,33.8113333,-117.6896667,9.79,3.16,ci39019703,"11km ENE of North Tustin, CA",earthquake,reviewed,ci
2020-01-01T10:28:53.215Z,49.3996,-177.5523,6.5,3.5,ak0201tnsph,"234km SSE of Amatignak Island, Alaska",earthquake,reviewed,ak
2020-01-01T10:11:35.441Z,63.3067,-144.9978,3.8,2.8,ak0201tk44r,"63km S of Deltana, Alaska",earthquake,automatic,ak
2020-01-01T09:05:13.930Z,17.9051,-66.863,5,2.81,pr2020001006,"17km SSE of Guanica, Puerto Rico",earthquake,reviewed,pr
2020-01-01T08:37:43.150Z,19.0625,-67.7611,25,3.53,pr2020001005,"64km NW of San Antonio, Puerto Rico",earthquake,reviewed,pr
2020-01-01T08:31:23.723Z,-17.3521,-172.388,10,5.4,us70006t3c,"212km SE of Hihifo, Tonga",earthquake,reviewed,us
2020-01-01T07:42:43.220Z,17.9178,-66.8755,6,2.8,pr2020001004,"6km SSE of Guanica, Puerto Rico",earthquake,reviewed,pr
2020-01-01T07:25:41.661Z,59.9389,-151.5872,67.7,2.9,ak0201ruttp,"22km NE of Anchor Point, Alaska",earthquake,automatic,ak
2020-01-01T07:08:56.456Z,66.3038,-157.2089,0,2.9,ak0201rr7uz,"68km SSW of Kobuk, Alaska",earthquake,automatic,ak
2020-01-01T07:04:14.310Z,36.4115,-98.14466667,7.8,3.08,ok2020aanz,"19km SE of Helena, Oklahoma",earthquake,reviewed,ok
2020-01-01T06:48:14.760Z,19.3946667,-155.2830048,0,2.74,hv71312457,"6km SW of Volcano, Hawaii",earthquake,automatic,hv
2020-01-01T06:48:13.840Z,19.390667,-155.274826,1,2.58,hv71312462,"5km SW of Volcano, Hawaii",earthquake,automatic,hv
2020-01-01T06:23:31.680Z,17.9415,-66.8463,3,3.09,pr2020001003,"8km S of Indios, Puerto Rico",earthquake,reviewed,pr
2020-01-01T06:15:46.480Z,17.9188,-66.8263,6,2.68,pr2020001002,"8km S of Indios, Puerto Rico",earthquake,reviewed,pr
2020-01-01T06:01:13.905Z,-6.6976,129.7299,151.16,4.4,us70006t2q,"223km NW of Saumlaki, Indonesia",earthquake,reviewed,us
2020-01-01T03:59:16.774Z,38.248,75.1984,139.72,4.2,us70006t2b,"108km E of Murghob, Tajikistan",earthquake,reviewed,us
2020-01-01T03:53:29.595Z,52.6658,159.1307,64.3,5.1,us70006t2a,"53km SE of Petropavlovsk-Kamchatskiy, Russia",earthquake,reviewed,us
2020-01-01T03:20:28.684Z,51.6752,-176.7331,57.56,4.8,us70006t22,"23km SSW of Adak, Alaska",earthquake,reviewed,us
2020-01-01T02:53:41.455Z,41.5608,19.3331,12.66,4.2,us70006t1w,"27km NNW of Durres, Albania",earthquake,reviewed,us
2020-01-01T01:32:31.620Z,17.8915,-66.8416,7,2.71,pr2020001001,"10km S of Indios, Puerto Rico",earthquake,reviewed,pr
2020-01-01T01:08:54.587Z,32.2723,138.3558,317.48,4.4,us70006t17,"162km WSW of Hachijo-jima, Japan",earthquake,reviewed,us
2020-01-01T00:38:00.890Z,17.8698,-66.8311,7,2.8,pr2020001000,"11km S of Indios, Puerto Rico",earthquake,reviewed,pr
2020-01-01T00:28:22.402Z,-5.4233,152.5337,61.93,5,us70006t13,"119km SSW of Taron, Papua New Guinea",earthquake,reviewed,us
2020-01-01T00:03:38.210Z,19.0766,-67.0901,6,2.55,pr2020001022,"64km N of Isabela, Puerto Rico",earthquake,reviewed,pr
2020-01-01T00:01:56.590Z,19.2175,-67.1275,12,2.75,pr2020001021,"80km N of Isabela, Puerto Rico",earthquake,reviewed,pr
2019-12-31T23:17:13.320Z,17.9001,-66.8321,8,2.83,pr2019365048,"10km S of Indios, Puerto Rico",earthquake,reviewed,pr
2019-12-31T23:09:45.058Z,9.9745,-84.457,56.44,3.9,us70006t0z,"5km SSW of Santiago, Costa Rica",earthquake,reviewed,us
2019-12-31T23:07:42.730Z,17.9226,-66.8408,5,4.2,pr2019365044,"7km SE of Indios, Puerto Rico",earthquake,reviewed,pr
2019-12-31T23:04:12.460Z,17.9131,-66.8751,5,2.67,pr2019365045,"7km SSE of Guanica, Puerto Rico",earthquake,reviewed,pr
2019-12-31T22:11:31.670Z,17.9031,-66.8503,7,3.1,pr2019365043,"8km S of Indios, Puerto Rico",earthquake,reviewed,pr
2019-12-31T22:02:56.880Z,17.9048,-66.8861,6,3.22,pr2019365042,"10km SSE of Guanica, Puerto Rico",earthquake,reviewed,pr
2019-12-31T21:34:33.150Z,17.9055,-66.8921,6,2.92,pr2019365041,"8km SSE of Guanica, Puerto Rico",earthquake,reviewed,pr
2019-12-31T21:34:23.500Z,19.2011662,-155.4476624,33.25,2.62,hv71311807,"3km E of Pahala, Hawaii",earthquake,automatic,hv
2019-12-31T21:34:12.600Z,51.5288333,-178.4481667,14.72,2.74,av62117566,"44km SSW of Tanaga Volcano, Alaska",earthquake,reviewed,av
2019-12-31T20:45:35.510Z,17.929,-66.8863,4,2.63,pr2019365159,"5km SSE of Guanica, Puerto Rico",earthquake,reviewed,pr
2019-12-31T20:30:27.000Z,36.4623337,-121.0391693,0.49,2.59,nc73321901,"12km SE of Pinnacles, CA",earthquake,automatic,nc
2019-12-31T20:17:52.025Z,59.7727,-153.4055,130.2,2.6,ak019grz63l1,"84km E of Old Iliamna, Alaska",earthquake,automatic,ak
2019-12-31T19:10:10.240Z,24.0751,121.6974,11.88,4.6,us70006sxv,"14km NE of Hualian, Taiwan",earthquake,reviewed,us
2019-12-31T19:02:55.588Z,44.084,150.2225,10,4.9,us70006sxu,"225km SE of Kuril'sk, Russia",earthquake,reviewed,us
2019-12-31T18:40:52.744Z,30.5353,-42.0468,10,4.8,us70006sxq,Northern Mid-Atlantic Ridge,earthquake,reviewed,us
2019-12-31T17:55:50.230Z,19.251,-67.749,34,2.65,pr2019365136,"101km NE of Punta Cana, Dominican Republic",earthquake,reviewed,pr
2019-12-31T17:41:11.771Z,43.9091,150.1792,10,4.6,us70006sxi,"234km SE of Kuril'sk, Russia",earthquake,reviewed,us
2019-12-31T17:34:01.160Z,17.849,-66.9153,16,2.63,pr2019365019,"13km S of Guanica, Puerto Rico",earthquake,reviewed,pr
2019-12-31T17:13:50.820Z,48.595,-123.099,11.66,2.6,uw61565512,"8km NW of Friday Harbor, Washington",earthquake,reviewed,uw
2019-12-31T17:06:30.580Z,32.7353333,-115.4151667,12.12,2.52,ci39018839,"9km SSW of Holtville, CA",earthquake,reviewed,ci
2019-12-31T17:04:28.270Z,17.882,-66.8328,5,2.67,pr2019365018,"12km SE of Guanica, Puerto Rico",earthquake,reviewed,pr
2019-12-31T16:44:36.830Z,17.8863,-66.8336,6,2.83,pr2019365017,"13km S of Indios, Puerto Rico",earthquake,reviewed,pr
2019-12-31T16:32:30.450Z,17.886,-66.8335,6,2.64,pr2019365016,"11km SSE of Maria Antonia, Puerto Rico",earthquake,reviewed,pr
2019-12-31T16:16:47.270Z,17.9011,-66.8341,6,2.61,pr2019365015,"14km S of Indios, Puerto Rico",earthquake,reviewed,pr
2019-12-31T15:59:10.770Z,17.9216,-66.8363,5,3.37,pr2019365014,"10km S of Indios, Puerto Rico",earthquake,reviewed,pr
2019-12-31T14:57:24.295Z,-14.9785,167.8074,6.79,4.6,us70006svy,"81km E of Port-Olry, Vanuatu",earthquake,reviewed,us
2019-12-31T14:12:20.910Z,19.379,-154.8538333,6.46,2.58,hv71311182,"11km SE of Leilani Estates, Hawaii",earthquake,reviewed,hv
2019-12-31T12:04:16.640Z,17.9741,-68.1166,54,2.61,pr2019365120,"68km SE of Boca de Yuma, Dominican Republic",earthquake,reviewed,pr
2019-12-31T11:22:53.820Z,-33.6889,-178.4968,38.16,5,us70006suy,"253km S of L'Esperance Rock, New Zealand",earthquake,reviewed,us
2019-12-31T11:03:44.810Z,17.912,-66.8896,6,3.45,pr2019365005,"9km SSE of Guanica, Puerto Rico",earthquake,reviewed,pr
2019-12-31T08:37:23.319Z,13.6723,-91.2748,43.1,4.3,us70006suk,"51km SSW of La Gomera, Guatemala",earthquake,reviewed,us
2019-12-31T08:27:30.890Z,17.9145,-66.852,7,2.94,pr2019365004,"8km SE of Guanica, Puerto Rico",earthquake,reviewed,pr
2019-12-31T07:17:04.670Z,19.4543,-66.1626,37,3.12,pr2019365074,"109km N of San Juan, Puerto Rico",earthquake,reviewed,pr
2019-12-31T05:58:49.620Z,17.9048,-66.8525,7,2.69,pr2019365003,"9km SE of Guanica, Puerto Rico",earthquake,reviewed,pr
2019-12-31T05:24:39.590Z,17.9131,-66.8645,7,3,pr2019365002,"7km SE of Guanica, Puerto Rico",earthquake,reviewed,pr
2019-12-31T05:08:51.170Z,17.9186,-66.8966,7,2.79,pr2019365001,"5km SSE of Guanica, Puerto Rico",earthquake,reviewed,pr
2019-12-31T04:35:54.360Z,18.3533,-67.778,118,3.18,pr2019365053,"55km W of Rincon, Puerto Rico",earthquake,reviewed,pr
2019-12-31T02:34:13.422Z,-23.294,-179.8039,537.4,4.6,us70006ssq,South of the Fiji Islands,earthquake,reviewed,us
2019-12-31T02:03:00.304Z,-33.3601,-178.4265,10,5,us70006ssh,"218km SSE of L'Esperance Rock, New Zealand",earthquake,reviewed,us
2019-12-31T01:04:00.258Z,56.4869,-148.2447,10,3.5,us70006ss9,"290km ESE of Kodiak, Alaska",earthquake,reviewed,us
2019-12-31T00:52:51.117Z,35.6732,74.716,10,4.2,us70006ss4,"38km NNW of Idgah, Pakistan",earthquake,reviewed,us
2019-12-31T00:21:09.002Z,55.2401,161.1817,109.28,4.5,us70006srq,"136km SW of Ust'-Kamchatsk Staryy, Russia",earthquake,reviewed,us
2019-12-30T23:31:43.580Z,35.9433327,-120.0043335,7.81,2.74,nc73321576,"8km SSW of Kettleman City, CA",earthquake,automatic,nc
2019-12-30T23:28:51.340Z,37.7093315,-122.1096649,4.63,2.67,nc73321571,"3km NW of Castro Valley, CA",earthquake,automatic,nc
2019-12-30T22:37:00.570Z,19.436,-66.2138,33,3.16,pr2019364036,"95km N of Brenas, Puerto Rico",earthquake,reviewed,pr
2019-12-30T22:09:16.880Z,17.8811,-66.8703,8,2.52,pr2019364034,"13km SSE of Guanica, Puerto Rico",earthquake,reviewed,pr
2019-12-30T22:01:13.940Z,35.7656667,-117.5735,6.24,2.54,ci39017999,"15km W of Searles Valley, CA",earthquake,reviewed,ci
2019-12-30T22:00:10.428Z,43.9163,-111.1063,5.29,3.1,us70006spn,"21km N of Driggs, Idaho",earthquake,reviewed,us
2019-12-30T20:46:02.498Z,-24.7954,-69.8641,76.98,3.9,us70006snk,"91km NE of Taltal, Chile",earthquake,reviewed,us
2019-12-30T20:44:11.223Z,59.7246,-152.3059,65.7,3.4,ak019gqbsg6w,"27km WSW of Anchor Point, Alaska",earthquake,reviewed,ak
2019-12-30T20:34:22.699Z,56.5019,-148.5349,10,3.4,us70006sp2,"274km ESE of Kodiak, Alaska",earthquake,reviewed,us
2019-12-30T20:11:12.000Z,17.8876,-66.8863,3,2.56,pr2019364021,"12km SSE of Guanica, Puerto Rico",earthquake,reviewed,pr
2019-12-30T19:59:20.950Z,17.8796,-66.8245,11,2.75,pr2019364020,"15km S of Indios, Puerto Rico",earthquake,reviewed,pr
2019-12-30T19:57:02.690Z,41.4988333,-108.7973333,6.48,2.7,uu60355827,"35km ESE of Rock Springs, Wyoming",earthquake,reviewed,uu
2019-12-30T19:42:21.073Z,65.4517,-153.9323,40.4,2.7,ak019gqb6lyf,"91km WNW of Tanana, Alaska",earthquake,automatic,ak
2019-12-30T19:41:56.770Z,66.2826,-157.2465,10,2.7,us70006sm9,"71km SSW of Kobuk, Alaska",earthquake,reviewed,us
2019-12-30T19:36:32.570Z,59.238,-136.2453,4.2,2.6,ak019gqb5civ,"45km W of Haines, Alaska",earthquake,automatic,ak
2019-12-30T19:20:16.881Z,35.5742,74.5691,10,4.5,us70006sly,"36km NW of Idgah, Pakistan",earthquake,reviewed,us
2019-12-30T19:15:20.730Z,39.7801666,-121.9821701,17.1,2.62,nc73321511,"5km NNE of Hamilton City, CA",earthquake,automatic,nc
2019-12-30T19:07:19.100Z,17.9081,-66.836,7,2.51,pr2019364014,"10km SE of Guanica, Puerto Rico",earthquake,reviewed,pr
2019-12-30T19:07:15.173Z,61.0107,-152.3527,114.2,2.5,ak019gqaz3dp,"62km NNE of Redoubt Volcano, Alaska",earthquake,automatic,ak
2019-12-30T18:58:20.268Z,7.2992,-78.6598,10,4.6,us70006sll,"59km WSW of Jaque, Panama",earthquake,reviewed,us
2019-12-30T18:43:36.538Z,28.8748,142.4579,10,4.9,us70006sla,"199km N of Chichi-shima, Japan",earthquake,reviewed,us
2019-12-30T18:41:34.880Z,33.5776667,-116.8168333,4.68,2.53,ci39017831,"14km W of Anza, CA",earthquake,reviewed,ci
2019-12-30T18:14:24.350Z,65.8266,-150.9495,7.1,2.6,ak019gqaf753,"89km NE of Tanana, Alaska",earthquake,automatic,ak
2019-12-30T18:01:41.845Z,42.1919,23.5482,10,4.5,us70006sk5,"15km S of Samokov, Bulgaria",earthquake,reviewed,us
2019-12-30T17:49:58.333Z,35.6352,74.6337,16.3,5.1,us70006sjv,"38km NNW of Idgah, Pakistan",earthquake,reviewed,us
2019-12-30T17:41:55.820Z,17.8586,-66.8695,11,2.56,pr2019364008,"13km SSE of Guanica, Puerto Rico",earthquake,reviewed,pr
2019-12-30T17:18:57.357Z,35.5846,74.611,13.28,5.4,us70006sj8,"34km NW of Idgah, Pakistan",earthquake,reviewed,us
2019-12-30T17:12:33.937Z,35.7275,74.4364,10,4.6,us70006sif,"24km SSE of Gilgit, Pakistan",earthquake,reviewed,us
2019-12-30T17:00:24.420Z,17.9271,-66.8895,7,2.78,pr2019364007,"14km S of Guanica, Puerto Rico",earthquake,reviewed,pr
2019-12-30T16:59:03.575Z,6.6411,94.3691,97.59,4.9,us70006si5,"133km NW of Sabang, Indonesia",earthquake,reviewed,us
2019-12-30T16:12:14.805Z,59.0739,-147.465,4,3.1,ak019gq97vj5,"76km WSW of Middleton Island, Alaska",earthquake,automatic,ak
2019-12-30T16:06:27.605Z,61.3546,-150.1077,31.9,3,ak019gq96lu3,"18km NW of Anchorage, Alaska",earthquake,automatic,ak
2019-12-30T16:03:27.850Z,33.223,-116.7495,9.22,2.59,ci39017695,"2km SSE of Lake Henshaw, CA",earthquake,reviewed,ci
2019-12-30T14:52:02.060Z,19.2583,-67.0898,57,3.02,pr2019364101,"84km N of Isabela, Puerto Rico",earthquake,reviewed,pr
2019-12-30T14:37:40.076Z,65.7968,-150.4884,13.8,2.5,ak019gq86ex0,"88km N of Manley Hot Springs, Alaska",earthquake,automatic,ak
2019-12-30T14:36:56.071Z,33.8749,136.9595,368.81,4.1,us70006sh0,"68km S of Toba, Japan",earthquake,reviewed,us
2019-12-30T14:04:39.006Z,65.7959,-150.8731,5.5,3.4,ak019gq7zc59,"89km NE of Tanana, Alaska",earthquake,reviewed,ak
2019-12-30T13:49:45.224Z,27.4014,56.5176,10,5,us70006sg8,"33km NE of Bandar 'Abbas, Iran",earthquake,reviewed,us
2019-12-30T13:43:02.664Z,63.2856,-151.5546,0,2.9,ak019gq7m2zb,"130km NW of Talkeetna, Alaska",earthquake,automatic,ak
2019-12-30T13:37:19.672Z,60.8478,-149.7487,19.8,2.5,ak019gq7kxo8,"42km SSE of Anchorage, Alaska",earthquake,automatic,ak
2019-12-30T13:26:18.940Z,38.796833,-122.7791672,3.71,2.53,nc73321416,"3km NW of The Geysers, CA",earthquake,automatic,nc
2019-12-30T13:24:39.170Z,17.8985,-66.8873,7,2.8,pr2019364083,"8km SSE of Guanica, Puerto Rico",earthquake,reviewed,pr
2019-12-30T13:23:01.024Z,65.7986,-150.8709,7.2,3.7,ak019gq7hw5n,"89km NE of Tanana, Alaska",earthquake,reviewed,ak
2019-12-30T12:01:12.150Z,19.5143333,-155.6636667,4.43,2.5,hv71309387,"22km ENE of Honaunau-Napoopoo, Hawaii",earthquake,reviewed,hv
2019-12-30T12:00:23.740Z,19.1668339,-155.4481659,34.14,2.68,hv71309382,"5km SE of Pahala, Hawaii",earthquake,automatic,hv
2019-12-30T10:41:05.660Z,35.8668333,-117.7025,6.75,2.91,ci39017359,"20km ESE of Little Lake, CA",earthquake,reviewed,ci
2019-12-30T10:35:04.080Z,17.9151,-66.8558,7,2.59,pr2019364067,"7km SSE of Maria Antonia, Puerto Rico",earthquake,reviewed,pr
2019-12-30T08:49:38.831Z,65.8092,-150.6416,12.7,2.7,ak019gq4odnv,"90km N of Manley Hot Springs, Alaska",earthquake,automatic,ak
2019-12-30T08:02:55.691Z,-30.2498,-71.5836,33.27,4.3,us70006sd8,"40km SW of Coquimbo, Chile",earthquake,reviewed,us
2019-12-30T06:16:52.228Z,-8.3909,-76.1617,127.11,4.6,us70006scn,"34km ENE of Uchiza, Peru",earthquake,reviewed,us
2019-12-30T06:06:13.273Z,18.5801,-69.0553,127.37,2.8,us70006ssv,"8km W of Guaymate, Dominican Republic",earthquake,reviewed,us
2019-12-30T06:05:07.648Z,68.7152,-146.5008,0,3.1,ak019gq380jw,"76km NNW of Arctic Village, Alaska",earthquake,automatic,ak
2019-12-30T05:57:55.689Z,36.87433333,-97.91333333,7.35,3.73,ok2019znrk,"16km NW of Medford, Oklahoma",earthquake,reviewed,ok
2019-12-30T05:33:17.330Z,19.4106667,-155.3075,3.2,2.87,hv71309047,"7km WSW of Volcano, Hawaii",earthquake,reviewed,hv
2019-12-30T05:28:41.340Z,18.0936,-68.8031,10,3.25,pr2019364048,"37km SSW of Boca de Yuma, Dominican Republic",earthquake,reviewed,pr
2019-12-30T05:13:03.160Z,19.2905,-67.3178,13,2.96,pr2019364046,"91km NNW of San Antonio, Puerto Rico",earthquake,reviewed,pr
2019-12-30T04:16:40.150Z,36.6523323,-121.2724991,5.46,2.76,nc73321286,"16km SSE of Tres Pinos, CA",earthquake,automatic,nc
2019-12-30T04:11:09.244Z,27.871,142.8735,10.88,5.2,us70006sbu,"108km NE of Chichi-shima, Japan",earthquake,reviewed,us
2019-12-30T04:01:33.204Z,19.7415,-105.2979,35,4.7,us70006sbp,"21km SSW of Tomatlan, Mexico",earthquake,reviewed,us
2019-12-30T03:32:08.520Z,18.4713,-67.5645,19,2.73,pr2019364037,"36km WNW of Rincon, Puerto Rico",earthquake,reviewed,pr
2019-12-30T03:13:43.010Z,17.9245,-68.5065,94,2.84,pr2019364047,"57km S of Boca de Yuma, Dominican Republic",earthquake,reviewed,pr
2019-12-30T03:01:14.324Z,32.0376,-103.7621,5,2.5,us70006sbn,"39km NNW of Mentone, Texas",earthquake,reviewed,us
2019-12-30T02:23:56.040Z,19.068,-67.7558,38,2.68,pr2019364032,"70km NW of San Antonio, Puerto Rico",earthquake,reviewed,pr
2019-12-30T02:02:21.711Z,65.8708,-148.0923,60.2,2.5,ak019gq0to9w,"113km N of College, Alaska",earthquake,automatic,ak
2019-12-30T02:02:00.085Z,66.1848,-148.0259,37,2.5,ak019gq0tj8u,"130km WSW of Fort Yukon, Alaska",earthquake,automatic,ak
2019-12-30T01:59:00.360Z,17.8488,-66.8143,4,2.97,pr2019364001,"16km SE of Guanica, Puerto Rico",earthquake,reviewed,pr
2019-12-30T01:45:36.550Z,17.915,-66.8675,5,3.12,pr2019364000,"12km SSE of Guanica, Puerto Rico",earthquake,reviewed,pr
2019-12-30T01:36:21.290Z,19.2456,-66.5431,73,2.76,pr2019364023,"86km N of Tierras Nuevas Poniente, Puerto Rico",earthquake,reviewed,pr
2019-12-30T01:27:53.960Z,19.253,-67.5668,10,2.89,pr2019364030,"97km NNW of San Antonio, Puerto Rico",earthquake,reviewed,pr
2019-12-30T01:19:04.380Z,38.0806656,-118.8611679,0.68,2.95,nc73321231,"20km SE of Bodie, CA",earthquake,automatic,nc
2019-12-30T01:13:44.330Z,19.0218,-67.7195,63,2.61,pr2019364022,"87km NE of Punta Cana, Dominican Republic",earthquake,reviewed,pr
2019-12-30T00:52:30.193Z,35.8128,77.6114,10,4.1,us70006sb0,"126km NE of Thang, India",earthquake,reviewed,us
2019-12-30T00:32:52.238Z,27.8138,142.8402,11.04,4.9,us70006sb2,"101km NE of Chichi-shima, Japan",earthquake,reviewed,us
2019-12-30T00:06:11.670Z,19.3875,-66.9536,50,2.73,pr2019364018,"98km N of Isabela, Puerto Rico",earthquake,reviewed,pr
2019-12-30T00:02:27.540Z,19.0161,-64.9755,29,3.4,pr2019364016,"70km N of Charlotte Amalie, U.S. Virgin Islands",earthquake,reviewed,pr
2019-12-29T23:30:14.140Z,17.8945,-66.8098,6,3.2,pr2019363124,"10km S of Indios, Puerto Rico",earthquake,reviewed,pr
2019-12-29T23:25:26.400Z,19.2328,-67.6386,23,2.74,pr2019363198,"86km NW of San Antonio, Puerto Rico",earthquake,reviewed,pr
2019-12-29T22:19:43.460Z,19.0898,-67.7228,50,2.98,pr2019363195,"91km NE of Punta Cana, Dominican Republic",earthquake,reviewed,pr
2019-12-29T22:05:35.250Z,19.0725002,-155.2348328,28.5,2.57,hv71308417,"29km ESE of Pahala, Hawaii",earthquake,automatic,hv
2019-12-29T22:00:06.510Z,19.221,-67.6276,39,2.97,pr2019363191,"98km NW of San Antonio, Puerto Rico",earthquake,reviewed,pr
2019-12-29T21:50:00.630Z,17.9076,-66.8508,7,2.74,pr2019363117,"13km SSE of Guanica, Puerto Rico",earthquake,reviewed,pr
2019-12-29T21:33:00.026Z,69.6573,-144.3002,2.3,3.4,ak019goos2hj,"58km SSW of Kaktovik, Alaska",earthquake,automatic,ak
2019-12-29T20:43:54.320Z,17.9113,-66.829,7,2.61,pr2019363106,"9km S of Indios, Puerto Rico",earthquake,reviewed,pr
2019-12-29T19:24:57.850Z,19.3331,-67.506,30,2.73,pr2019363177,"102km NNW of San Antonio, Puerto Rico",earthquake,reviewed,pr
2019-12-29T18:24:41.589Z,-52.8544,11.3526,10,5.3,us70006s89,Southwest of Africa,earthquake,reviewed,us
2019-12-29T17:55:23.945Z,-22.3258,-68.851,112.63,4.3,us70006s85,"17km NNE of Calama, Chile",earthquake,reviewed,us
2019-12-29T17:03:50.460Z,17.9031,-66.8555,3,3.4,pr2019363055,"14km SSE of Guanica, Puerto Rico",earthquake,reviewed,pr
2019-12-29T16:56:04.632Z,66.3328,-157.2433,1,2.5,ak019golxxej,"66km SSW of Kobuk, Alaska",earthquake,automatic,ak
2019-12-29T16:29:20.446Z,31.7405,-104.1466,5,2.7,us70006s7r,"52km W of Mentone, Texas",earthquake,reviewed,us
2019-12-29T16:24:45.775Z,-6.3622,154.9449,35,4.9,us70006s7s,"59km W of Panguna, Papua New Guinea",earthquake,reviewed,us
2019-12-29T16:06:25.247Z,65.2665,-163.0021,10,2.8,us70006s7p,"142km NE of Nome, Alaska",earthquake,reviewed,us
2019-12-29T14:39:27.181Z,51.994,153.6067,388.2,4.4,us70006s77,"208km WNW of Ozernovskiy, Russia",earthquake,reviewed,us
2019-12-29T14:37:44.770Z,63.1081,-151.4653,1,2.7,ak019gokn2ow,"111km NW of Talkeetna, Alaska",earthquake,automatic,ak
2019-12-29T14:31:25.289Z,58.8545,-152.3654,36.8,2.6,ak019goklqvi,"99km SSW of Homer, Alaska",earthquake,automatic,ak
2019-12-29T14:23:29.990Z,17.8966,-66.5895,11,2.66,pr2019363155,"12km SSE of Ponce, Puerto Rico",earthquake,reviewed,pr
2019-12-29T14:12:18.980Z,18.868,-65.4493,27,2.65,pr2019363169,"61km NNE of Luquillo, Puerto Rico",earthquake,reviewed,pr
2019-12-29T14:06:19.102Z,-24.3121,-68.9152,110.59,4,us70006s70,"167km ESE of Antofagasta, Chile",earthquake,reviewed,us
2019-12-29T13:59:02.340Z,-5.5339,151.7363,35,5.1,us70006s6z,"143km SSW of Kokopo, Papua New Guinea",earthquake,reviewed,us
2019-12-29T13:18:06.464Z,4.4091,125.1504,65.42,4.7,us70006s6j,"115km SSW of Sarangani, Philippines",earthquake,reviewed,us
2019-12-29T12:03:55.928Z,4.6257,125.3181,49.65,4.8,us70006s64,"87km S of Sarangani, Philippines",earthquake,reviewed,us
2019-12-29T11:26:44.610Z,17.9073,-66.8258,6,3.01,pr2019363033,"9km S of Indios, Puerto Rico",earthquake,reviewed,pr
2019-12-29T11:25:23.524Z,55.1467,160.6628,118.92,4.5,us70006s5t,"151km SE of Esso, Russia",earthquake,reviewed,us
2019-12-29T11:21:54.840Z,19.2285,-67.7888,32,3.16,pr2019363157,"96km NE of Punta Cana, Dominican Republic",earthquake,reviewed,pr
2019-12-29T11:20:09.383Z,40.3223,42.1121,10,4.4,us70006s5q,"20km E of Narman, Turkey",earthquake,reviewed,us
2019-12-29T11:19:10.510Z,17.898,-66.867,6,2.71,pr2019363032,"16km SSE of Guanica, Puerto Rico",earthquake,reviewed,pr
2019-12-29T10:28:31.050Z,17.916,-66.8335,6,2.73,pr2019363153,"8km S of Indios, Puerto Rico",earthquake,reviewed,pr
2019-12-29T10:22:07.551Z,13.8109,-92.8478,10,4.4,us70006s5i,"104km SW of Ocos, Guatemala",earthquake,reviewed,us
2019-12-29T10:07:09.668Z,55.4267,-162.9891,197.1,2.9,ak019goi2u8m,"31km NNW of Cold Bay, Alaska",earthquake,reviewed,ak
2019-12-29T09:16:50.590Z,18.3636,-68.298,69,2.76,pr2019363145,"26km SSE of Punta Cana, Dominican Republic",earthquake,reviewed,pr
2019-12-29T09:12:14.074Z,4.6441,125.3147,10,5.2,us70006s54,"85km S of Sarangani, Philippines",earthquake,reviewed,us
2019-12-29T09:09:45.230Z,19.5068333,-155.6588333,3.73,2.8,hv71307497,"22km ENE of Honaunau-Napoopoo, Hawaii",earthquake,reviewed,hv
2019-12-29T09:03:29.860Z,19.3483,-67.8033,8,3.47,pr2019363139,"105km NE of Punta Cana, Dominican Republic",earthquake,reviewed,pr
2019-12-29T08:11:13.090Z,17.8905,-66.8208,8,2.54,pr2019363140,"11km S of Indios, Puerto Rico",earthquake,reviewed,pr
2019-12-29T08:08:37.647Z,61.35,-150.2594,35.4,2.6,ak019gogw8o8,"24km NW of Anchorage, Alaska",earthquake,automatic,ak
2019-12-29T08:00:13.590Z,19.129,-67.1423,8,2.64,pr2019363137,"70km N of Isabela, Puerto Rico",earthquake,reviewed,pr
2019-12-29T07:57:58.000Z,17.883,-66.8498,6,2.74,pr2019363019,"11km SSE of Guanica, Puerto Rico",earthquake,reviewed,pr
2019-12-29T07:20:27.230Z,17.91,-66.8623,5,2.59,pr2019363018,"8km SE of Guanica, Puerto Rico",earthquake,reviewed,pr
2019-12-29T06:34:25.467Z,3.1424,123.8263,414.47,4.5,us70006s4e,"215km NNW of Manado, Indonesia",earthquake,reviewed,us
2019-12-29T06:33:40.828Z,-21.0786,-67.6947,219.41,4.1,us70006s4c,"113km SW of Uyuni, Bolivia",earthquake,reviewed,us
2019-12-29T06:33:10.630Z,17.9231,-66.8718,6,2.74,pr2019363017,"6km SE of Guanica, Puerto Rico",earthquake,reviewed,pr
2019-12-29T06:28:49.870Z,17.9163,-66.8815,5,2.94,pr2019363016,"13km SSE of Guanica, Puerto Rico",earthquake,reviewed,pr
2019-12-29T06:08:46.853Z,31.6448,-104.3132,5,2.9,us70006s47,"68km W of Mentone, Texas",earthquake,reviewed,us
2019-12-29T06:07:33.840Z,51.547,-178.4621667,10.29,3.06,av62117271,"43km SSW of Tanaga Volcano, Alaska",earthquake,reviewed,av
2019-12-29T05:49:07.820Z,17.925,-66.863,4,3.55,pr2019363010,"12km SE of Guanica, Puerto Rico",earthquake,reviewed,pr
2019-12-29T05:39:01.180Z,58.9577,-154.4192,129.4,2.7,ak019gofaid2,"92km SSE of Old Iliamna, Alaska",earthquake,automatic,ak
2019-12-29T04:40:27.410Z,19.2706,-67.8411,10,3.11,pr2019363075,"96km NE of Punta Cana, Dominican Republic",earthquake,reviewed,pr
2019-12-29T04:27:09.519Z,61.6414,-150.9081,48.9,2.7,ak019goemir8,"47km WSW of Willow, Alaska",earthquake,automatic,ak
2019-12-29T03:58:00.700Z,17.917,-66.8326,6,2.94,pr2019363014,"8km S of Indios, Puerto Rico",earthquake,reviewed,pr
2019-12-29T03:36:13.332Z,60.3263,-137.9538,0,2.5,ak019goe30s9,"53km SSW of Haines Junction, Canada",earthquake,automatic,ak
2019-12-29T03:31:13.630Z,17.9018,-66.8286,5,2.77,pr2019363067,"10km S of Indios, Puerto Rico",earthquake,reviewed,pr
2019-12-29T02:55:08.060Z,17.9236,-66.8778,6,2.55,pr2019363040,"6km SSE of Guanica, Puerto Rico",earthquake,reviewed,pr
2019-12-29T02:50:42.440Z,17.9046,-66.8208,6,2.5,pr2019363038,"9km S of Indios, Puerto Rico",earthquake,reviewed,pr
2019-12-29T02:43:01.650Z,17.9425,-66.8626,4,3.05,pr2019363012,"4km SE of Maria Antonia, Puerto Rico",earthquake,reviewed,pr
2019-12-29T02:37:49.960Z,17.8793,-66.8246,6,2.82,pr2019363013,"12km S of Indios, Puerto Rico",earthquake,reviewed,pr
2019-12-29T02:30:57.230Z,17.9123,-66.875,6,2.82,pr2019363011,"7km SSE of Guanica, Puerto Rico",earthquake,reviewed,pr
2019-12-29T02:02:06.270Z,17.9156,-66.8225,6,2.73,pr2019363009,"8km S of Indios, Puerto Rico",earthquake,reviewed,pr
2019-12-29T01:56:43.680Z,17.9088,-66.8203,5,2.51,pr2019363053,"9km S of Indios, Puerto Rico",earthquake,reviewed,pr
2019-12-29T01:46:40.540Z,38.0863342,-118.8363342,3.47,2.79,nc73320906,"21km SE of Bodie, CA",earthquake,automatic,nc
2019-12-29T01:44:25.526Z,29.3174,143.0572,10,4.9,us70006s2x,"260km NNE of Chichi-shima, Japan",earthquake,reviewed,us
2019-12-29T01:33:21.700Z,17.9338,-66.878,6,2.86,pr2019363008,"10km SSE of Guanica, Puerto Rico",earthquake,reviewed,pr
2019-12-29T01:21:14.590Z,17.9308,-66.8363,3,4.7,pr2019363003,"11km S of Indios, Puerto Rico",earthquake,reviewed,pr
2019-12-29T01:13:25.160Z,-0.4979,-91.253,10,4.5,us70006s2g,"59km NNW of Puerto Villamil, Ecuador",earthquake,reviewed,us
2019-12-29T01:06:00.130Z,17.8846,-66.864,6,5,pr2019363002,"10km S of Indios, Puerto Rico",earthquake,reviewed,pr
2019-12-29T00:50:34.510Z,17.9018,-66.8708,4,2.83,pr2019363007,"15km SSE of Guanica, Puerto Rico",earthquake,reviewed,pr
2019-12-29T00:36:30.470Z,17.9501,-66.8565,6,2.89,pr2019363020,"7km SE of Maria Antonia, Puerto Rico",earthquake,reviewed,pr
2019-12-29T00:34:01.740Z,17.9338,-66.8535,6,3.5,pr2019363001,"12km SE of Guanica, Puerto Rico",earthquake,reviewed,pr
2019-12-29T00:16:50.490Z,17.93,-66.8748,6,2.6,pr2019363006,"7km SSE of Maria Antonia, Puerto Rico",earthquake,reviewed,pr
2019-12-29T00:11:11.871Z,-14.9121,-71.9027,133.31,4.6,us70006s1l,"55km SSE of Santo Tomas, Peru",earthquake,reviewed,us
2019-12-29T00:06:39.680Z,17.9243,-66.8418,6,3.86,pr2019363000,"13km S of Indios, Puerto Rico",earthquake,reviewed,pr
2019-12-29T00:00:20.850Z,17.8988,-66.8606,6,2.62,pr2019363004,"11km SSE of Maria Antonia, Puerto Rico",earthquake,reviewed,pr
2019-12-28T23:35:59.460Z,17.9035,-66.8483,6,3.65,pr2019362025,"11km S of Indios, Puerto Rico",earthquake,reviewed,pr
2019-12-28T23:25:35.700Z,17.9255,-66.8638,6,2.72,pr2019362028,"6km SE of Guanica, Puerto Rico",earthquake,reviewed,pr
2019-12-28T23:18:23.530Z,17.9443,-66.8745,7,2.63,pr2019362027,"4km SE of Guanica, Puerto Rico",earthquake,reviewed,pr
2019-12-28T22:49:16.082Z,-30.3842,-177.6075,10,5.1,us70006s0k,"127km SSE of Raoul Island, New Zealand",earthquake,reviewed,us
2019-12-28T22:46:26.050Z,17.9146,-66.852,7,2.95,pr2019362026,"10km SSE of Guanica, Puerto Rico",earthquake,reviewed,pr
2019-12-28T22:40:02.523Z,-33.0776,-70.2349,111.86,4.4,us70006s0c,"43km SE of Los Andes, Chile",earthquake,reviewed,us
2019-12-28T22:35:37.830Z,17.9371,-66.8661,6,4.7,pr2019362024,"5km SE of Guanica, Puerto Rico",earthquake,reviewed,pr
2019-12-28T22:29:38.811Z,39.014,74.802,10,4.5,us70006s04,"107km E of Karakul, Tajikistan",earthquake,reviewed,us
2019-12-28T22:16:04.615Z,69.1316,-144.6906,1.51,2.7,us70006s00,"117km NNE of Arctic Village, Alaska",earthquake,reviewed,us
2019-12-28T21:52:50.600Z,19.1766,-67.2043,24,3.09,pr2019362023,"76km N of San Antonio, Puerto Rico",earthquake,reviewed,pr
2019-12-28T21:34:07.940Z,38.282,23.3984,19.35,4.2,us70006rzm,"8km SE of Thivai, Greece",earthquake,reviewed,us
2019-12-28T21:34:05.170Z,18.8486671,-155.2234955,9.08,2.58,hv71306677,"47km SE of Pahala, Hawaii",earthquake,automatic,hv
2019-12-28T21:00:26.765Z,-19.528,-177.7772,405.59,4.2,us70006rzq,"157km NE of Ndoi Island, Fiji",earthquake,reviewed,us
2019-12-28T20:07:32.688Z,41.9975,-126.1655,10,2.7,us70006rz1,"151km WSW of Gold Beach, Oregon",earthquake,reviewed,us
2019-12-28T19:52:09.880Z,19.3301,-64.8876,33,3.63,pr2019362021,"101km N of Road Town, British Virgin Islands",earthquake,reviewed,pr
2019-12-28T19:00:26.790Z,17.8825,-66.5861,8,2.76,pr2019362018,"16km SSW of Potala Pastillo, Puerto Rico",earthquake,reviewed,pr
2019-12-28T18:53:19.110Z,19.118,-67.948,26,3.24,pr2019362017,"78km NE of Punta Cana, Dominican Republic",earthquake,reviewed,pr
2019-12-28T18:49:55.957Z,-21.8089,173.3553,49.07,4.9,us70006rye,"127km W of Ceva-i-Ra, Fiji",earthquake,reviewed,us
2019-12-28T18:47:13.366Z,-21.7781,173.5172,38.42,4.4,us70006ryi,"110km W of Ceva-i-Ra, Fiji",earthquake,reviewed,us
2019-12-28T18:25:44.107Z,1.4595,128.5638,51.8,5,us70006ry8,"68km ESE of Tobelo, Indonesia",earthquake,reviewed,us
2019-12-28T17:23:32.020Z,33.9266667,-117.8765,8.66,3.2,ci39015759,"2km ENE of Brea, CA",earthquake,reviewed,ci
2019-12-28T17:12:44.310Z,17.8995,-66.5885,12,2.69,pr2019362016,"12km SW of Potala Pastillo, Puerto Rico",earthquake,reviewed,pr
2019-12-28T15:36:38.636Z,43.3183,-127.0085,10,3,us70006rx3,"212km W of Bandon, Oregon",earthquake,reviewed,us
2019-12-28T15:36:35.611Z,-44.5653,37.087,10,5.5,us70006rx5,"265km NNW of Marion Island, Prince Edward Islands",earthquake,reviewed,us
2019-12-28T15:31:26.690Z,51.7373,-179.7477,96.2,3.9,ak019gmxnu5k,"50km ESE of Semisopochnoi Island, Alaska",earthquake,reviewed,ak
2019-12-28T13:26:01.707Z,56.4322,-148.7443,10,3,ak019gmwfvqg,"268km ESE of Kodiak, Alaska",earthquake,reviewed,ak
2019-12-28T12:32:09.730Z,17.8911,-66.5885,11,2.72,pr2019362007,"13km S of Ponce, Puerto Rico",earthquake,reviewed,pr
2019-12-28T12:24:45.289Z,37.6609,141.9357,47.41,4.4,us70006rw1,"84km ENE of Namie, Japan",earthquake,reviewed,us
2019-12-28T12:17:36.905Z,60.5399,-152.8904,131.6,2.5,ak019gmvsk0u,"10km NW of Redoubt Volcano, Alaska",earthquake,automatic,ak
2019-12-28T12:08:32.697Z,-6.4547,130.2209,139.97,4.9,us70006rvr,"204km NW of Saumlaki, Indonesia",earthquake,reviewed,us
2019-12-28T11:52:54.030Z,17.8956,-66.5878,11,2.63,pr2019362010,"13km SSE of Ponce, Puerto Rico",earthquake,reviewed,pr
2019-12-28T11:03:48.947Z,42.0139,-126.0658,10,3.9,us70006rvc,"142km WSW of Gold Beach, Oregon",earthquake,reviewed,us
2019-12-28T10:54:42.658Z,31.1613,-103.2425,5,3,us70006rvb,"37km SE of Pecos, Texas",earthquake,reviewed,us
2019-12-28T10:51:37.280Z,19.1311,-66.6983,34,2.81,pr2019362015,"72km N of Arecibo, Puerto Rico",earthquake,reviewed,pr
2019-12-28T10:39:58.250Z,19.3635,-64.8258,49,3.66,pr2019362006,"109km N of Road Town, British Virgin Islands",earthquake,reviewed,pr
2019-12-28T10:24:59.512Z,42.0357,-126.1113,10,4.3,us70006rv7,"145km WSW of Gold Beach, Oregon",earthquake,reviewed,us
2019-12-28T10:20:28.161Z,33.0013,46.5702,10,4.5,us70006rv6,"40km ESE of Mehran, Iran",earthquake,reviewed,us
2019-12-28T09:09:50.290Z,18.8056,-65.4585,15,2.94,pr2019362014,"55km NNE of Luquillo, Puerto Rico",earthquake,reviewed,pr
2019-12-28T08:49:01.680Z,0.5796,92.701,10,4.6,us70006rum,Off the west coast of northern Sumatra,earthquake,reviewed,us
2019-12-28T08:43:29.490Z,35.6155,-117.4203333,9.77,3.15,ci39015367,"17km SSW of Trona, CA",earthquake,reviewed,ci
2019-12-28T08:38:14.439Z,5.4056,127.1365,78.41,4.7,us70006rus,"149km SE of Pondaguitan, Philippines",earthquake,reviewed,us
2019-12-28T07:35:17.660Z,35.8236667,-117.6456667,3.82,2.51,ci39015311,"23km WNW of Searles Valley, CA",earthquake,reviewed,ci
2019-12-28T07:23:37.084Z,-6.2274,130.2536,149.52,4.6,us70006ru2,"223km NNW of Saumlaki, Indonesia",earthquake,reviewed,us
2019-12-28T07:11:47.710Z,33.177,-116.372,11.54,2.77,ci39015247,"9km S of Borrego Springs, CA",earthquake,reviewed,ci
2019-12-28T07:09:27.758Z,44.0957,-129.8671,10,3.7,us70006rtm,Off the coast of Oregon,earthquake,reviewed,us
2019-12-28T07:06:22.660Z,19.109,-65.2656,17,4.4,pr2019362003,"83km N of Culebra, Puerto Rico",earthquake,reviewed,pr
2019-12-28T06:41:04.300Z,19.6401,-65.6045,40,3.16,pr2019362005,"127km N of Vieques, Puerto Rico",earthquake,reviewed,pr
2019-12-28T05:57:03.337Z,-10.7413,-78.2695,50.65,4.2,us70006rt6,"48km W of Paramonga, Peru",earthquake,reviewed,us
2019-12-28T05:22:21.440Z,39.3419,-29.8949,10,4.6,us70006rt7,"105km E of Santa Cruz das Flores, Portugal",earthquake,reviewed,us
2019-12-28T04:35:39.010Z,18.6745,-66.729,14,3.16,pr2019362001,"21km N of Arecibo, Puerto Rico",earthquake,reviewed,pr
2019-12-28T04:14:52.703Z,-55.7385,-27.2562,35,5,us70006rss,"107km N of Visokoi Island, South Georgia and the South Sandwich Islands",earthquake,reviewed,us
2019-12-28T02:34:32.361Z,58.9177,158.7851,15.42,5.1,us70006rsk,"71km WSW of Palana, Russia",earthquake,reviewed,us
2019-12-28T01:59:38.287Z,5.2285,125.983,89.31,4.9,us70006rsi,"60km ESE of Sarangani, Philippines",earthquake,reviewed,us
2019-12-28T01:48:38.604Z,35.7139,32.1145,58.18,4.2,us70006rsh,"64km SSW of Gazipasa, Turkey",earthquake,reviewed,us
2019-12-28T01:00:40.681Z,51.2967,-177.0883,35,4.2,us70006rsf,"71km SSW of Adak, Alaska",earthquake,reviewed,us
2019-12-28T00:08:47.777Z,38.5157,90.1533,10,4.1,us70006rrz,"Xinjiang-Qinghai border region, China",earthquake,reviewed,us
2019-12-27T23:58:35.240Z,17.9426,-66.33,5,2.65,pr2019361020,"6km SSE of Jauca, Puerto Rico",earthquake,reviewed,pr
2019-12-27T23:41:56.953Z,24.0667,123.4953,48.35,4.1,us70006rs4,"67km SE of Yonakuni, Japan",earthquake,reviewed,us
2019-12-27T23:06:31.545Z,59.5045,-136.896,2.08,2.7,us70006rr9,"88km WNW of Haines, Alaska",earthquake,reviewed,us
2019-12-27T21:43:31.775Z,51.183,175.8707,10,4.9,us70006rql,"130km S of Buldir Island, Alaska",earthquake,reviewed,us
2019-12-27T19:31:23.982Z,65.3598,-163.0474,0,2.6,ak019glci7ta,"149km NE of Nome, Alaska",earthquake,automatic,ak
2019-12-27T18:50:44.390Z,-23.2983,-69.3741,83.01,4.2,us70006rnd,"102km SSW of Calama, Chile",earthquake,reviewed,us
2019-12-27T16:26:17.220Z,17.9036,-66.5868,12,2.56,pr2019361014,"12km SSE of Ponce, Puerto Rico",earthquake,reviewed,pr
2019-12-27T16:06:09.680Z,18.9765,-67.7421,19,3.33,pr2019361013,"66km NW of Aguadilla, Puerto Rico",earthquake,reviewed,pr
2019-12-27T15:50:21.091Z,58.4982,-137.0888,0,2.7,ak019gla8jun,"79km W of Gustavus, Alaska",earthquake,automatic,ak
2019-12-27T13:58:40.191Z,60.2118,-152.8717,119.3,2.5,ak019gl93frw,"31km SSW of Redoubt Volcano, Alaska",earthquake,automatic,ak
2019-12-27T12:59:17.580Z,36.5449982,-121.0641632,8.88,2.54,nc73320316,"7km ENE of Pinnacles, CA",earthquake,automatic,nc
2019-12-27T10:56:46.730Z,19.1641,-67.2278,14,2.94,pr2019361012,"75km N of San Antonio, Puerto Rico",earthquake,reviewed,pr
2019-12-27T09:35:08.620Z,18.7896,-64.4221,40,3.24,pr2019361011,"46km NNE of Road Town, British Virgin Islands",earthquake,reviewed,pr
2019-12-27T08:57:48.527Z,59.0073,158.9654,14.87,4.7,us70006rh8,"58km WSW of Palana, Russia",earthquake,reviewed,us
2019-12-27T08:34:00.986Z,2.889,127.343,75.39,4.5,us70006rgu,"148km NNW of Tobelo, Indonesia",earthquake,reviewed,us
2019-12-27T08:11:46.220Z,19.1805,-67.7835,29,3.38,pr2019361010,"93km NE of Punta Cana, Dominican Republic",earthquake,reviewed,pr
2019-12-27T07:28:44.780Z,19.0856,-67.2115,44,3.1,pr2019361009,"66km N of San Antonio, Puerto Rico",earthquake,reviewed,pr
2019-12-27T07:02:27.851Z,38.274,39.0472,10,4.9,us70006rg4,"4km S of Doganyol, Turkey",earthquake,reviewed,us
2019-12-27T05:42:16.477Z,-18.0347,-178.4009,570.2,4.3,us70006rfs,"291km N of Ndoi Island, Fiji",earthquake,reviewed,us
2019-12-27T05:27:30.010Z,17.78,-68.4213,120,3.52,pr2019361008,"70km S of Boca de Yuma, Dominican Republic",earthquake,reviewed,pr
2019-12-27T05:25:13.480Z,19.0773,-68.0688,6,3.3,pr2019361007,"89km NE of Punta Cana, Dominican Republic",earthquake,reviewed,pr
2019-12-27T05:10:02.118Z,37.8971,142.7059,10,4.9,us70006rff,"136km ESE of Ishinomaki, Japan",earthquake,reviewed,us
2019-12-27T04:53:47.232Z,-50.327,130.5338,10,5,us70006rf7,Western Indian-Antarctic Ridge,earthquake,reviewed,us
2019-12-27T04:46:26.093Z,59.7651,-152.1226,50.4,2.9,ak019gl3nxlr,"16km W of Anchor Point, Alaska",earthquake,automatic,ak
2019-12-27T04:26:54.630Z,19.1468,-68.0605,7,3.28,pr2019361006,"89km NE of Punta Cana, Dominican Republic",earthquake,reviewed,pr
2019-12-27T03:59:52.780Z,19.2886,-67.5633,15,3.04,pr2019361005,"105km NNW of San Antonio, Puerto Rico",earthquake,reviewed,pr
2019-12-27T03:46:11.460Z,19.1836,-67.4138,15,2.96,pr2019361004,"83km NNW of San Antonio, Puerto Rico",earthquake,reviewed,pr
2019-12-27T03:32:14.100Z,17.2348,-68.3018,44,3.56,pr2019361003,"126km SSE of Boca de Yuma, Dominican Republic",earthquake,reviewed,pr
2019-12-27T03:20:39.655Z,3.4555,-73.9805,10,4.6,us70006rer,"8km SSE of Lejanias, Colombia",earthquake,reviewed,us
2019-12-27T02:21:47.880Z,35.77,-117.5951667,7.78,3.93,ci39014215,"17km W of Searles Valley, CA",earthquake,reviewed,ci
2019-12-27T01:53:16.004Z,28.885,51.3613,38.28,5.1,us70006rec,"44km SSE of Borazjan, Iran",earthquake,reviewed,us
2019-12-27T01:37:46.587Z,16.7917,-61.0227,35.02,4.8,us70006re9,"54km N of Grande Anse, Guadeloupe",earthquake,reviewed,us
2019-12-27T01:30:44.290Z,19.2865,-67.6653,30,2.71,pr2019361002,"106km NW of San Antonio, Puerto Rico",earthquake,reviewed,pr
2019-12-27T01:19:58.580Z,19.293,-67.3193,49,3.23,pr2019361000,"85km N of San Antonio, Puerto Rico",earthquake,reviewed,pr
2019-12-26T23:49:23.840Z,19.222,-67.2836,56,2.95,pr2019360026,"92km NNW of Isabela, Puerto Rico",earthquake,reviewed,pr
2019-12-26T23:42:59.222Z,59.4594,-152.116,37,2.5,ak019gjrf18d,"38km WSW of Homer, Alaska",earthquake,automatic,ak
2019-12-26T23:41:05.150Z,19.1796,-67.4681,60,2.56,pr2019360025,"97km NNW of San Antonio, Puerto Rico",earthquake,reviewed,pr
2019-12-26T23:24:10.340Z,18.7036,-67.7786,49,2.78,pr2019360023,"67km ENE of Punta Cana, Dominican Republic",earthquake,reviewed,pr
2019-12-26T21:47:52.380Z,17.2985,-68.3718,28,3.06,pr2019360022,"131km SSE of Boca de Yuma, Dominican Republic",earthquake,reviewed,pr
2019-12-26T21:33:32.958Z,57.42,-152.099,34.1,3,ak019gjq66xc,"45km SSE of Kodiak, Alaska",earthquake,automatic,ak
2019-12-26T20:46:41.060Z,19.196,-67.3523,25,3,pr2019360021,"82km NNW of San Antonio, Puerto Rico",earthquake,reviewed,pr
2019-12-26T20:39:02.711Z,31.0097,-103.5343,2.42,2.6,us70006rbt,"45km S of Pecos, Texas",earthquake,reviewed,us
2019-12-26T19:56:11.332Z,52.5343,-168.6432,35,4.1,us70006rbj,"47km SSE of Nikolski, Alaska",earthquake,reviewed,us
2019-12-26T19:48:23.610Z,37.5821667,-118.8218333,9.9,3.62,nc73319936,"13km W of Toms Place, CA",earthquake,reviewed,nc
2019-12-26T19:24:55.965Z,32.3066,105.2109,10,4.5,us70006rbi,"6km W of Qifo, China",earthquake,reviewed,us
2019-12-26T19:04:46.947Z,57.8001,158.9706,10,4.3,us70006rb2,"18km E of Tigil', Russia",earthquake,reviewed,us
2019-12-26T19:04:31.504Z,-17.4475,-178.7843,567.81,4.8,us70006raz,"226km ESE of Lambasa, Fiji",earthquake,reviewed,us
2019-12-26T18:09:03.622Z,59.0454,158.7635,10,4.4,us70006r9j,"69km W of Palana, Russia",earthquake,reviewed,us
2019-12-26T17:47:09.402Z,39.6522,95.3787,10,4.1,us70006r9d,"89km SSW of Guazhou, China",earthquake,reviewed,us
2019-12-26T17:21:42.376Z,58.7872,158.866,15.58,4.9,us70006r99,"73km WSW of Palana, Russia",earthquake,reviewed,us
2019-12-26T17:13:51.402Z,58.8427,158.7756,16.99,5.4,us70006r97,"74km WSW of Palana, Russia",earthquake,reviewed,us
2019-12-26T17:00:13.160Z,19.4938333,-155.6766667,3.27,3.02,hv71293756,"20km E of Honaunau-Napoopoo, Hawaii",earthquake,reviewed,hv
2019-12-26T16:59:54.254Z,-3.3404,130.7359,47.95,4.4,us70006r96,"202km E of Amahai, Indonesia",earthquake,reviewed,us
2019-12-26T16:52:12.250Z,18.525,-66.7738,118,2.77,pr2019360020,"5km NNE of Carrizales, Puerto Rico",earthquake,reviewed,pr
2019-12-26T15:15:13.236Z,-55.7473,-27.1713,18.78,5.2,us70006r89,"106km N of Visokoi Island, South Georgia and the South Sandwich Islands",earthquake,reviewed,us
2019-12-26T15:14:33.245Z,-55.6399,-27.1756,24.79,4.6,us70006rkg,"118km N of Visokoi Island, South Georgia and the South Sandwich Islands",earthquake,reviewed,us
2019-12-26T14:44:12.137Z,63.1811,-150.625,127.1,3.3,ak019gjm2h0o,"87km WSW of Cantwell, Alaska",earthquake,automatic,ak
2019-12-26T14:22:06.850Z,19.1905,-67.6226,18,3.18,pr2019360018,"78km NW of San Antonio, Puerto Rico",earthquake,reviewed,pr
2019-12-26T12:19:52.363Z,11.1734,122.706,38.3,4.9,us70006r7h,"1km SW of Alimono, Philippines",earthquake,reviewed,us
2019-12-26T10:52:22.700Z,3.5624,-74.032,10,4.4,us70006r6t,"4km NNW of Lejanias, Colombia",earthquake,reviewed,us
2019-12-26T10:40:54.440Z,19.1321,-67.631,26,3.09,pr2019360015,"90km NW of San Antonio, Puerto Rico",earthquake,reviewed,pr
2019-12-26T10:38:21.600Z,19.197,-67.6978,39,2.87,pr2019360014,"100km NE of Punta Cana, Dominican Republic",earthquake,reviewed,pr
2019-12-26T10:37:11.900Z,18.975,-67.8278,19,3.07,pr2019360010,"74km NE of Punta Cana, Dominican Republic",earthquake,reviewed,pr
2019-12-26T10:36:37.457Z,30.982,113.4582,10,5,us70006r6e,"5km S of Tiandian, China",earthquake,reviewed,us
2019-12-26T10:16:33.940Z,19.0186,-67.6478,24,2.64,pr2019360013,"82km NW of San Antonio, Puerto Rico",earthquake,reviewed,pr
2019-12-26T10:13:38.190Z,19.1706,-67.3488,40,3,pr2019360012,"79km NNW of San Antonio, Puerto Rico",earthquake,reviewed,pr
2019-12-26T09:47:46.410Z,18.2711,-67.4605,137,3.33,pr2019360011,"23km WSW of Rincon, Puerto Rico",earthquake,reviewed,pr
2019-12-26T09:28:57.641Z,-21.0878,-70.4989,51.52,4.3,us70006r5y,"102km SSW of Iquique, Chile",earthquake,reviewed,us
2019-12-26T09:26:41.426Z,38.7817,141.5243,63.5,4.9,us70006r5w,"36km SSW of Ofunato, Japan",earthquake,reviewed,us
2019-12-26T09:24:35.995Z,-5.4887,150.8466,121.95,5.2,us70006r5x,"78km E of Kimbe, Papua New Guinea",earthquake,reviewed,us
2019-12-26T08:45:13.160Z,19.0411,-67.1825,32,2.68,pr2019360009,"61km N of San Antonio, Puerto Rico",earthquake,reviewed,pr
2019-12-26T08:28:40.330Z,19.4386,-67.8836,62,3.38,pr2019360008,"116km NNE of Punta Cana, Dominican Republic",earthquake,reviewed,pr
2019-12-26T08:13:47.250Z,39.3505,-119.993,9,2.7,nn00714016,"11km N of Incline Village, Nevada",earthquake,reviewed,nn
2019-12-26T07:22:10.378Z,-7.844,106.7599,54.71,4.7,us70006r59,"46km S of Buniasih, Indonesia",earthquake,reviewed,us
2019-12-26T06:48:24.110Z,19.2151,-67.7508,39,2.7,pr2019360007,"95km NW of San Antonio, Puerto Rico",earthquake,reviewed,pr
2019-12-26T06:29:06.940Z,19.0261,-67.6855,26,2.82,pr2019360006,"88km NW of San Antonio, Puerto Rico",earthquake,reviewed,pr
2019-12-26T06:28:01.500Z,19.1875,-67.928,39,2.91,pr2019360005,"81km NE of Punta Cana, Dominican Republic",earthquake,reviewed,pr
2019-12-26T06:27:49.892Z,5.5337,-75.2678,78.58,4.4,us70006r4u,"13km SW of Narino, Colombia",earthquake,reviewed,us
2019-12-26T05:55:32.156Z,58.8214,158.8209,10,4.9,us70006r4p,"73km WSW of Palana, Russia",earthquake,reviewed,us
2019-12-26T04:12:00.180Z,35.9508333,-117.366,2.74,3.32,ci39013663,"21km N of Searles Valley, CA",earthquake,reviewed,ci
2019-12-26T03:48:30.386Z,3.398,-74.0126,10,4.8,us70006r41,"3km ENE of Mesetas, Colombia",earthquake,reviewed,us
2019-12-26T02:26:14.960Z,19.0333,-67.167,7,2.88,pr2019360002,"60km NNW of Isabela, Puerto Rico",earthquake,reviewed,pr
2019-12-26T02:21:35.403Z,-22.0846,173.1524,59.95,5.5,us70006r3m,"118km ENE of Ile Hunter, New Caledonia",earthquake,reviewed,us
2019-12-26T02:16:56.635Z,-22.0043,173.7065,10,5.1,us70006r3l,"94km WSW of Ceva-i-Ra, Fiji",earthquake,reviewed,us
2019-12-26T02:06:38.682Z,-22.2079,173.2073,10,5.1,us70006r3i,"121km E of Ile Hunter, New Caledonia",earthquake,reviewed,us
